week,total_revenue,order_count,avg_order_value
2022-12-26,3424.32,9,380.48
2023-01-02,16629.31,65,255.83553846153848
2023-01-09,17327.88,53,326.9411320754717
2023-01-16,18908.22,53,356.7588679245283
2023-01-23,13429.630000000001,48,279.7839583333334
2023-01-30,15712.37,53,296.45981132075474
2023-02-06,12566.6,51,246.40392156862745
2023-02-13,23096.21,76,303.8975
2023-02-20,17667.99,64,276.06234375
2023-02-27,17964.05,65,276.37
2023-03-06,25012.79,76,329.11565789473684
2023-03-13,20401.79,79,258.25050632911393
2023-03-20,20832.24,77,270.54857142857145
2023-03-27,16800.69,62,270.9788709677419
2023-04-03,19623.27,70,280.3324285714286
2023-04-10,23142.91,73,317.02616438356165
2023-04-17,20268.92,66,307.10484848484845
2023-04-24,21198.05,79,268.329746835443
2023-05-01,16308.07,71,229.69112676056338
2023-05-08,21696.73,71,305.5877464788732
2023-05-15,23609.87,70,337.28385714285713
2023-05-22,21666.54,70,309.522
2023-05-29,19995.45,74,270.2087837837838
2023-06-05,30619.72,96,318.9554166666667
2023-06-12,21658.64,81,267.39061728395063
2023-06-19,25008.96,89,280.9995505617977
2023-06-26,26051.89,81,321.6282716049383
2023-07-03,20193.87,71,284.4207042253521
2023-07-10,25703.1,88,292.0806818181818
2023-07-17,27379.87,99,276.5643434343434
2023-07-24,24997.87,95,263.1354736842105
2023-07-31,21816.5,77,283.33116883116884
2023-08-07,20799.34,83,250.59445783132531
2023-08-14,28041.38,91,308.147032967033
2023-08-21,25645.29,83,308.97939759036143
2023-08-28,26143.13,94,278.11840425531915
2023-09-04,20499.2,81,253.07654320987655
2023-09-11,19431.33,61,318.54639344262296
2023-09-18,21616.57,68,317.89073529411763
2023-09-25,15328.07,58,264.27706896551723
2023-10-02,21138.98,75,281.8530666666667
2023-10-09,17545.44,64,274.1475
2023-10-16,22086.02,68,324.7944117647059
2023-10-23,16120.47,61,264.27
2023-10-30,23820.530000000002,72,330.84069444444447
2023-11-06,21752.53,73,297.9798630136986
2023-11-13,19826.81,70,283.24014285714287
2023-11-20,21171.99,52,407.1536538461539
2023-11-27,16125.91,71,227.12549295774647
2023-12-04,27888.53,93,299.87666666666667
2023-12-11,31533.84,105,300.3222857142857
2023-12-18,22471.72,88,255.36045454545456
2023-12-25,26153.58,89,293.8604494382023
2024-01-01,15788.83,54,292.38574074074074
2024-01-08,20285.94,75,270.4792
2024-01-15,20923.940000000002,62,337.48290322580647
2024-01-22,16781.43,65,258.1758461538462
2024-01-29,16605.01,69,240.65231884057968
2024-02-05,19530.74,76,256.9834210526316
2024-02-12,17134.87,69,248.3314492753623
2024-02-19,16816.170000000002,55,305.7485454545455
2024-02-26,19268.81,62,310.78725806451615
2024-03-04,15275.98,59,258.91491525423726
2024-03-11,23085.65,80,288.570625
2024-03-18,22597.21,87,259.7380459770115
2024-03-25,18340.65,79,232.1601265822785
2024-04-01,21897.76,80,273.722
2024-04-08,24869.5,92,270.32065217391306
2024-04-15,24043.92,85,282.8696470588235
2024-04-22,25593.63,87,294.1796551724138
2024-04-29,24924.83,87,286.49229885057474
2024-05-06,25073.61,87,288.20241379310346
2024-05-13,21184.72,80,264.809
2024-05-20,23374.66,85,274.996
2024-05-27,24681.64,84,293.8290476190476
2024-06-03,32539.14,99,328.6781818181818
2024-06-10,27009.760000000002,105,257.23580952380956
2024-06-17,23365.9,99,236.01919191919194
2024-06-24,32490.85,121,268.51942148760327
2024-07-01,29271.12,109,268.5423853211009
2024-07-08,30638.81,98,312.64091836734696
2024-07-15,29951.05,100,299.5105
2024-07-22,32766.83,116,282.47267241379313
2024-07-29,29062.0,95,305.9157894736842
2024-08-05,28816.0,97,297.07216494845363
2024-08-12,30328.55,113,268.3942477876106
2024-08-19,27177.49,104,261.32201923076923
2024-08-26,30921.829999999998,113,273.64451327433625
2024-09-02,20243.76,83,243.90072289156623
2024-09-09,23912.44,76,314.6373684210526
2024-09-16,24417.48,83,294.1865060240964
2024-09-23,23721.94,90,263.5771111111111
2024-09-30,25257.24,74,341.31405405405405
2024-10-07,22732.440000000002,82,277.2248780487805
2024-10-14,25133.61,70,359.05157142857144
2024-10-21,34738.09,101,343.9414851485148
2024-10-28,25717.73,87,295.606091954023
2024-11-04,17553.3,67,261.98955223880597
2024-11-11,25960.09,93,279.14075268817203
2024-11-18,20417.44,71,287.5695774647887
2024-11-25,27938.86,92,303.68326086956523
2024-12-02,38983.0,115,338.9826086956522
2024-12-09,35218.97,105,335.41876190476194
2024-12-16,25835.13,107,241.44981308411215
2024-12-23,34482.58,118,292.22525423728814
2024-12-30,26878.96,98,274.2751020408163
2025-01-06,24006.8,76,315.87894736842105
2025-01-13,21813.69,60,363.56149999999997
2025-01-20,16919.47,57,296.83280701754387
2025-01-27,20737.75,66,314.2083333333333
2025-02-03,22232.96,76,292.538947368421
2025-02-10,17770.06,79,224.9374683544304
2025-02-17,26331.97,97,271.4636082474227
2025-02-24,14365.02,42,342.0242857142857
